{
    "version": "4",
    "package_name": "apex-common",
    "apiVersion": "55.0",
    "packageDirectory": "sfdx-source/apex-common",
    "package_version_number": "1.0.0.12",
    "sourceVersion": "f29f9d1b2741ac16cdfc8e79dc7b2ccc6691e43c",
    "branch": "master",
    "repository_url": "https://github.com/infusionsoft/fflib-apex-common.git",
    "configFilePath": "config/project-scratch-def.json",
    "package_type": "unlocked",
    "payload": {
        "Package": {
            "$": {
                "xmlns": "http://soap.sforce.com/2006/04/metadata"
            },
            "types": [
                {
                    "members": [
                        "fflib_Application",
                        "fflib_ApplicationTest",
                        "fflib_IDomain",
                        "fflib_IDomainConstructor",
                        "fflib_IDomainFactory",
                        "fflib_IObjects",
                        "fflib_ISObjectDomain",
                        "fflib_ISObjectSelector",
                        "fflib_ISObjectUnitOfWork",
                        "fflib_ISObjects",
                        "fflib_ISelectorFactory",
                        "fflib_IServiceFactory",
                        "fflib_IUnitOfWorkFactory",
                        "fflib_Objects",
                        "fflib_ObjectsTest",
                        "fflib_QueryFactory",
                        "fflib_QueryFactoryTest",
                        "fflib_SObjectDescribe",
                        "fflib_SObjectDescribeTest",
                        "fflib_SObjectDomain",
                        "fflib_SObjectDomainTest",
                        "fflib_SObjectMocks",
                        "fflib_SObjectSelector",
                        "fflib_SObjectSelectorTest",
                        "fflib_SObjectUnitOfWork",
                        "fflib_SObjectUnitOfWorkTest",
                        "fflib_SObjects",
                        "fflib_SObjectsTest",
                        "fflib_SecurityUtils",
                        "fflib_SecurityUtilsTest",
                        "fflib_StringBuilder",
                        "fflib_StringBuilderTest"
                    ],
                    "name": "ApexClass"
                },
                {
                    "members": [
                        "fflib_QueryFactory_crossobject_fieldsets_not_allowed_error",
                        "fflib_QueryFactory_fieldset_wrong_sobject_error",
                        "fflib_QueryFactory_recursive_subquery_error",
                        "fflib_QueryFactory_subquery_invalid_relationship",
                        "fflib_security_error_field_not_insertable",
                        "fflib_security_error_field_not_readable",
                        "fflib_security_error_field_not_updateable",
                        "fflib_security_error_object_not_deletable",
                        "fflib_security_error_object_not_insertable",
                        "fflib_security_error_object_not_readable",
                        "fflib_security_error_object_not_updateable"
                    ],
                    "name": "CustomLabel"
                },
                {
                    "members": "CustomLabels",
                    "name": "CustomLabels"
                }
            ],
            "version": "55.0"
        }
    },
    "isApexFound": true,
    "isProfilesFound": false,
    "isPermissionSetGroupFound": false,
    "isPayLoadContainTypesSupportedByProfiles": true,
    "apexClassesSortedByTypes": {
        "class": [
            {
                "name": "fflib_Application",
                "filepath": "E:/dev/github/keap/fflib-apex-common/.sfpowerscripts/j6pCJ_source/.sfpowerscripts/LXKpI_mdapi/metadataPackage_1659191127695/classes/fflib_Application.cls"
            },
            {
                "name": "fflib_ApplicationTest",
                "filepath": "E:/dev/github/keap/fflib-apex-common/.sfpowerscripts/j6pCJ_source/.sfpowerscripts/LXKpI_mdapi/metadataPackage_1659191127695/classes/fflib_ApplicationTest.cls"
            },
            {
                "name": "fflib_Objects",
                "filepath": "E:/dev/github/keap/fflib-apex-common/.sfpowerscripts/j6pCJ_source/.sfpowerscripts/LXKpI_mdapi/metadataPackage_1659191127695/classes/fflib_Objects.cls"
            },
            {
                "name": "fflib_ObjectsTest",
                "filepath": "E:/dev/github/keap/fflib-apex-common/.sfpowerscripts/j6pCJ_source/.sfpowerscripts/LXKpI_mdapi/metadataPackage_1659191127695/classes/fflib_ObjectsTest.cls"
            },
            {
                "name": "fflib_QueryFactory",
                "filepath": "E:/dev/github/keap/fflib-apex-common/.sfpowerscripts/j6pCJ_source/.sfpowerscripts/LXKpI_mdapi/metadataPackage_1659191127695/classes/fflib_QueryFactory.cls"
            },
            {
                "name": "fflib_QueryFactoryTest",
                "filepath": "E:/dev/github/keap/fflib-apex-common/.sfpowerscripts/j6pCJ_source/.sfpowerscripts/LXKpI_mdapi/metadataPackage_1659191127695/classes/fflib_QueryFactoryTest.cls"
            },
            {
                "name": "fflib_SecurityUtils",
                "filepath": "E:/dev/github/keap/fflib-apex-common/.sfpowerscripts/j6pCJ_source/.sfpowerscripts/LXKpI_mdapi/metadataPackage_1659191127695/classes/fflib_SecurityUtils.cls"
            },
            {
                "name": "fflib_SecurityUtilsTest",
                "filepath": "E:/dev/github/keap/fflib-apex-common/.sfpowerscripts/j6pCJ_source/.sfpowerscripts/LXKpI_mdapi/metadataPackage_1659191127695/classes/fflib_SecurityUtilsTest.cls"
            },
            {
                "name": "fflib_SObjectDescribe",
                "filepath": "E:/dev/github/keap/fflib-apex-common/.sfpowerscripts/j6pCJ_source/.sfpowerscripts/LXKpI_mdapi/metadataPackage_1659191127695/classes/fflib_SObjectDescribe.cls"
            },
            {
                "name": "fflib_SObjectDescribeTest",
                "filepath": "E:/dev/github/keap/fflib-apex-common/.sfpowerscripts/j6pCJ_source/.sfpowerscripts/LXKpI_mdapi/metadataPackage_1659191127695/classes/fflib_SObjectDescribeTest.cls"
            },
            {
                "name": "fflib_SObjectDomain",
                "filepath": "E:/dev/github/keap/fflib-apex-common/.sfpowerscripts/j6pCJ_source/.sfpowerscripts/LXKpI_mdapi/metadataPackage_1659191127695/classes/fflib_SObjectDomain.cls"
            },
            {
                "name": "fflib_SObjectDomainTest",
                "filepath": "E:/dev/github/keap/fflib-apex-common/.sfpowerscripts/j6pCJ_source/.sfpowerscripts/LXKpI_mdapi/metadataPackage_1659191127695/classes/fflib_SObjectDomainTest.cls"
            },
            {
                "name": "fflib_SObjectMocks",
                "filepath": "E:/dev/github/keap/fflib-apex-common/.sfpowerscripts/j6pCJ_source/.sfpowerscripts/LXKpI_mdapi/metadataPackage_1659191127695/classes/fflib_SObjectMocks.cls"
            },
            {
                "name": "fflib_SObjects",
                "filepath": "E:/dev/github/keap/fflib-apex-common/.sfpowerscripts/j6pCJ_source/.sfpowerscripts/LXKpI_mdapi/metadataPackage_1659191127695/classes/fflib_SObjects.cls"
            },
            {
                "name": "fflib_SObjectSelector",
                "filepath": "E:/dev/github/keap/fflib-apex-common/.sfpowerscripts/j6pCJ_source/.sfpowerscripts/LXKpI_mdapi/metadataPackage_1659191127695/classes/fflib_SObjectSelector.cls"
            },
            {
                "name": "fflib_SObjectSelectorTest",
                "filepath": "E:/dev/github/keap/fflib-apex-common/.sfpowerscripts/j6pCJ_source/.sfpowerscripts/LXKpI_mdapi/metadataPackage_1659191127695/classes/fflib_SObjectSelectorTest.cls"
            },
            {
                "name": "fflib_SObjectsTest",
                "filepath": "E:/dev/github/keap/fflib-apex-common/.sfpowerscripts/j6pCJ_source/.sfpowerscripts/LXKpI_mdapi/metadataPackage_1659191127695/classes/fflib_SObjectsTest.cls"
            },
            {
                "name": "fflib_SObjectUnitOfWork",
                "filepath": "E:/dev/github/keap/fflib-apex-common/.sfpowerscripts/j6pCJ_source/.sfpowerscripts/LXKpI_mdapi/metadataPackage_1659191127695/classes/fflib_SObjectUnitOfWork.cls"
            },
            {
                "name": "fflib_SObjectUnitOfWorkTest",
                "filepath": "E:/dev/github/keap/fflib-apex-common/.sfpowerscripts/j6pCJ_source/.sfpowerscripts/LXKpI_mdapi/metadataPackage_1659191127695/classes/fflib_SObjectUnitOfWorkTest.cls"
            },
            {
                "name": "fflib_StringBuilder",
                "filepath": "E:/dev/github/keap/fflib-apex-common/.sfpowerscripts/j6pCJ_source/.sfpowerscripts/LXKpI_mdapi/metadataPackage_1659191127695/classes/fflib_StringBuilder.cls"
            },
            {
                "name": "fflib_StringBuilderTest",
                "filepath": "E:/dev/github/keap/fflib-apex-common/.sfpowerscripts/j6pCJ_source/.sfpowerscripts/LXKpI_mdapi/metadataPackage_1659191127695/classes/fflib_StringBuilderTest.cls"
            }
        ],
        "testClass": [
            {
                "name": "fflib_ApplicationTest",
                "filepath": "E:/dev/github/keap/fflib-apex-common/.sfpowerscripts/j6pCJ_source/.sfpowerscripts/LXKpI_mdapi/metadataPackage_1659191127695/classes/fflib_ApplicationTest.cls"
            },
            {
                "name": "fflib_ObjectsTest",
                "filepath": "E:/dev/github/keap/fflib-apex-common/.sfpowerscripts/j6pCJ_source/.sfpowerscripts/LXKpI_mdapi/metadataPackage_1659191127695/classes/fflib_ObjectsTest.cls"
            },
            {
                "name": "fflib_QueryFactoryTest",
                "filepath": "E:/dev/github/keap/fflib-apex-common/.sfpowerscripts/j6pCJ_source/.sfpowerscripts/LXKpI_mdapi/metadataPackage_1659191127695/classes/fflib_QueryFactoryTest.cls"
            },
            {
                "name": "fflib_SecurityUtilsTest",
                "filepath": "E:/dev/github/keap/fflib-apex-common/.sfpowerscripts/j6pCJ_source/.sfpowerscripts/LXKpI_mdapi/metadataPackage_1659191127695/classes/fflib_SecurityUtilsTest.cls"
            },
            {
                "name": "fflib_SObjectDescribeTest",
                "filepath": "E:/dev/github/keap/fflib-apex-common/.sfpowerscripts/j6pCJ_source/.sfpowerscripts/LXKpI_mdapi/metadataPackage_1659191127695/classes/fflib_SObjectDescribeTest.cls"
            },
            {
                "name": "fflib_SObjectDomainTest",
                "filepath": "E:/dev/github/keap/fflib-apex-common/.sfpowerscripts/j6pCJ_source/.sfpowerscripts/LXKpI_mdapi/metadataPackage_1659191127695/classes/fflib_SObjectDomainTest.cls"
            },
            {
                "name": "fflib_SObjectMocks",
                "filepath": "E:/dev/github/keap/fflib-apex-common/.sfpowerscripts/j6pCJ_source/.sfpowerscripts/LXKpI_mdapi/metadataPackage_1659191127695/classes/fflib_SObjectMocks.cls"
            },
            {
                "name": "fflib_SObjectSelectorTest",
                "filepath": "E:/dev/github/keap/fflib-apex-common/.sfpowerscripts/j6pCJ_source/.sfpowerscripts/LXKpI_mdapi/metadataPackage_1659191127695/classes/fflib_SObjectSelectorTest.cls"
            },
            {
                "name": "fflib_SObjectsTest",
                "filepath": "E:/dev/github/keap/fflib-apex-common/.sfpowerscripts/j6pCJ_source/.sfpowerscripts/LXKpI_mdapi/metadataPackage_1659191127695/classes/fflib_SObjectsTest.cls"
            },
            {
                "name": "fflib_SObjectUnitOfWorkTest",
                "filepath": "E:/dev/github/keap/fflib-apex-common/.sfpowerscripts/j6pCJ_source/.sfpowerscripts/LXKpI_mdapi/metadataPackage_1659191127695/classes/fflib_SObjectUnitOfWorkTest.cls"
            },
            {
                "name": "fflib_StringBuilderTest",
                "filepath": "E:/dev/github/keap/fflib-apex-common/.sfpowerscripts/j6pCJ_source/.sfpowerscripts/LXKpI_mdapi/metadataPackage_1659191127695/classes/fflib_StringBuilderTest.cls"
            }
        ],
        "interface": [
            {
                "name": "fflib_IDomain",
                "filepath": "E:/dev/github/keap/fflib-apex-common/.sfpowerscripts/j6pCJ_source/.sfpowerscripts/LXKpI_mdapi/metadataPackage_1659191127695/classes/fflib_IDomain.cls"
            },
            {
                "name": "fflib_IDomainConstructor",
                "filepath": "E:/dev/github/keap/fflib-apex-common/.sfpowerscripts/j6pCJ_source/.sfpowerscripts/LXKpI_mdapi/metadataPackage_1659191127695/classes/fflib_IDomainConstructor.cls"
            },
            {
                "name": "fflib_IDomainFactory",
                "filepath": "E:/dev/github/keap/fflib-apex-common/.sfpowerscripts/j6pCJ_source/.sfpowerscripts/LXKpI_mdapi/metadataPackage_1659191127695/classes/fflib_IDomainFactory.cls"
            },
            {
                "name": "fflib_IObjects",
                "filepath": "E:/dev/github/keap/fflib-apex-common/.sfpowerscripts/j6pCJ_source/.sfpowerscripts/LXKpI_mdapi/metadataPackage_1659191127695/classes/fflib_IObjects.cls"
            },
            {
                "name": "fflib_ISelectorFactory",
                "filepath": "E:/dev/github/keap/fflib-apex-common/.sfpowerscripts/j6pCJ_source/.sfpowerscripts/LXKpI_mdapi/metadataPackage_1659191127695/classes/fflib_ISelectorFactory.cls"
            },
            {
                "name": "fflib_IServiceFactory",
                "filepath": "E:/dev/github/keap/fflib-apex-common/.sfpowerscripts/j6pCJ_source/.sfpowerscripts/LXKpI_mdapi/metadataPackage_1659191127695/classes/fflib_IServiceFactory.cls"
            },
            {
                "name": "fflib_ISObjectDomain",
                "filepath": "E:/dev/github/keap/fflib-apex-common/.sfpowerscripts/j6pCJ_source/.sfpowerscripts/LXKpI_mdapi/metadataPackage_1659191127695/classes/fflib_ISObjectDomain.cls"
            },
            {
                "name": "fflib_ISObjects",
                "filepath": "E:/dev/github/keap/fflib-apex-common/.sfpowerscripts/j6pCJ_source/.sfpowerscripts/LXKpI_mdapi/metadataPackage_1659191127695/classes/fflib_ISObjects.cls"
            },
            {
                "name": "fflib_ISObjectSelector",
                "filepath": "E:/dev/github/keap/fflib-apex-common/.sfpowerscripts/j6pCJ_source/.sfpowerscripts/LXKpI_mdapi/metadataPackage_1659191127695/classes/fflib_ISObjectSelector.cls"
            },
            {
                "name": "fflib_ISObjectUnitOfWork",
                "filepath": "E:/dev/github/keap/fflib-apex-common/.sfpowerscripts/j6pCJ_source/.sfpowerscripts/LXKpI_mdapi/metadataPackage_1659191127695/classes/fflib_ISObjectUnitOfWork.cls"
            },
            {
                "name": "fflib_IUnitOfWorkFactory",
                "filepath": "E:/dev/github/keap/fflib-apex-common/.sfpowerscripts/j6pCJ_source/.sfpowerscripts/LXKpI_mdapi/metadataPackage_1659191127695/classes/fflib_IUnitOfWorkFactory.cls"
            }
        ],
        "parseError": []
    },
    "apexTestClassses": [
        "fflib_ApplicationTest",
        "fflib_ObjectsTest",
        "fflib_QueryFactoryTest",
        "fflib_SecurityUtilsTest",
        "fflib_SObjectDescribeTest",
        "fflib_SObjectDomainTest",
        "fflib_SObjectMocks",
        "fflib_SObjectSelectorTest",
        "fflib_SObjectsTest",
        "fflib_SObjectUnitOfWorkTest",
        "fflib_StringBuilderTest"
    ],
    "metadataCount": 33,
    "apexClassWithOutTestClasses": [
        "fflib_Application",
        "fflib_Objects",
        "fflib_QueryFactory",
        "fflib_SecurityUtils",
        "fflib_SObjectDescribe",
        "fflib_SObjectDomain",
        "fflib_SObjects",
        "fflib_SObjectSelector",
        "fflib_SObjectUnitOfWork",
        "fflib_StringBuilder"
    ],
    "dependencies": [
        {
            "package": "apex-mock"
        }
    ],
    "package_version_id": "04t3a000000PmdvAAC",
    "isDependencyValidated": true,
    "test_coverage": 88,
    "has_passed_coverage_check": true,
    "creation_details": {
        "creation_time": 176031,
        "timestamp": 1659191307567
    },
    "sourceDir": "source"
}