{
    "name": "apex-common",
    "to": "f29f9d1",
    "commits": [
        {
            "commitId": "f29f9d1b",
            "date": "2022-07-19T18:22:04-05:00",
            "author": "initdotd",
            "message": "Up code coverage.",
            "body": ""
        },
        {
            "commitId": "b30485d5",
            "date": "2022-07-16T23:23:21-05:00",
            "author": "initdotd",
            "message": "Add missing addConditionToQuery()",
            "body": ""
        },
        {
            "commitId": "89d21d51",
            "date": "2022-07-14T19:52:58-05:00",
            "author": "initdotd",
            "message": "Remove hooks and update ctors.",
            "body": ""
        },
        {
            "commitId": "63bae8c3",
            "date": "2022-07-14T19:39:44-05:00",
            "author": "initdotd",
            "message": "Add empty ctor.",
            "body": ""
        },
        {
            "commitId": "fc0b76a7",
            "date": "2022-07-14T19:33:48-05:00",
            "author": "initdotd",
            "message": "Add empty ctor.",
            "body": ""
        },
        {
            "commitId": "446e0625",
            "date": "2022-07-14T18:07:07-05:00",
            "author": "initdotd",
            "message": "Update to support addStringFields()",
            "body": ""
        },
        {
            "commitId": "f7727470",
            "date": "2022-07-14T16:17:36-04:00",
            "author": "John M. Daniel",
            "message": "bump API version to v55.0",
            "body": ""
        },
        {
            "commitId": "2e967651",
            "date": "2022-05-25T13:10:12+02:00",
            "author": "Daniel Wutz",
            "message": "Change method documentation",
            "body": ""
        },
        {
            "commitId": "ede2c242",
            "date": "2022-05-25T13:08:26+02:00",
            "author": "Daniel Wutz",
            "message": "Changes allRows method to no parameters, adds curly braces",
            "body": ""
        },
        {
            "commitId": "0016af10",
            "date": "2022-05-10T14:59:46+02:00",
            "author": "Daniel Wutz",
            "message": "Add method to include ALL ROWS in QueryFactory",
            "body": ""
        },
        {
            "commitId": "698fa67f",
            "date": "2022-04-23T20:47:35+01:00",
            "author": "wimvelzeboer",
            "message": "Remove getFirstObject method",
            "body": ""
        },
        {
            "commitId": "5220da62",
            "date": "2022-04-07T22:18:16+01:00",
            "author": "wimvelzeboer",
            "message": "Code comment fixes",
            "body": ""
        },
        {
            "commitId": "6f67e80d",
            "date": "2022-04-05T17:15:34+01:00",
            "author": "wimvelzeboer",
            "message": "Fix incorrect condition in getRecordsWithBlankFieldValues method",
            "body": ""
        },
        {
            "commitId": "571d2cc9",
            "date": "2022-03-15T17:59:47-07:00",
            "author": "Scott McClung",
            "message": "Applying permission set to Read Only profile user",
            "body": ""
        },
        {
            "commitId": "5b5b6cf8",
            "date": "2022-03-15T10:48:22-04:00",
            "author": "John M. Daniel",
            "message": "DEVOPS",
            "body": "Changes made:\n* Updated all APIs to v54.0\n"
        },
        {
            "commitId": "ed9a9022",
            "date": "2021-09-25T14:53:49+02:00",
            "author": "Frans Flippo",
            "message": "Added more test cases to fflib_SObjectSelectorTest and fflib_SObjectUnitOfWorkTest to get coverage for fflib_SObjectSelector and fflib_SObjectUnitOfWork to 75%.",
            "body": ""
        },
        {
            "commitId": "fae59b8e",
            "date": "2022-01-17T18:05:23+01:00",
            "author": "Reinier van den Assum",
            "message": "fflib_SObjectDomain.cls: Corrected logic for CRUD Security check on Undelete",
            "body": "* Potential regression impact when someone implemented an Undelete Trigger using the fflib_SObjectDomain, enforcing CRUD, but the running user has Create and no Undelete permission\n"
        },
        {
            "commitId": "7f275e51",
            "date": "2021-12-28T21:32:27+01:00",
            "author": "Andy T",
            "message": "Amending Comments in fflib_SObjects",
            "body": ""
        },
        {
            "commitId": "12511047",
            "date": "2021-10-10T14:33:39-04:00",
            "author": "Peter Lin",
            "message": "Update apiVersion to 53.0",
            "body": ""
        },
        {
            "commitId": "139fb026",
            "date": "2021-10-06T11:46:19-07:00",
            "author": "Charles Ross",
            "message": "Remove unneeded check",
            "body": ""
        },
        {
            "commitId": "00489148",
            "date": "2021-10-04T10:06:21+01:00",
            "author": "wimvelzeboer",
            "message": "Add useful methods to Domain - fix failing test",
            "body": ""
        },
        {
            "commitId": "74ee3511",
            "date": "2021-10-04T09:33:46+01:00",
            "author": "wimvelzeboer",
            "message": "Add useful methods to Domain",
            "body": ""
        },
        {
            "commitId": "db26b83a",
            "date": "2021-06-15T22:04:58-04:00",
            "author": "Peter",
            "message": "Update apiVersion to 52.0 (#350)",
            "body": "On branch update-apiVersion-to-52.0\n Changes to be committed:\n\tmodified:   sfdx-project.json\n\tmodified:   sfdx-source/apex-common/main/classes/fflib_Application.cls-meta.xml\n\tmodified:   sfdx-source/apex-common/main/classes/fflib_IDomain.cls-meta.xml\n\tmodified:   sfdx-source/apex-common/main/classes/fflib_IDomainConstructor.cls-meta.xml\n\tmodified:   sfdx-source/apex-common/main/classes/fflib_IObjects.cls-meta.xml\n\tmodified:   sfdx-source/apex-common/main/classes/fflib_ISObjectDomain.cls-meta.xml\n\tmodified:   sfdx-source/apex-common/main/classes/fflib_ISObjectSelector.cls-meta.xml\n\tmodified:   sfdx-source/apex-common/main/classes/fflib_ISObjectUnitOfWork.cls-meta.xml\n\tmodified:   sfdx-source/apex-common/main/classes/fflib_ISObjects.cls-meta.xml\n\tmodified:   sfdx-source/apex-common/main/classes/fflib_Objects.cls-meta.xml\n\tmodified:   sfdx-source/apex-common/main/classes/fflib_QueryFactory.cls-meta.xml\n\tmodified:   sfdx-source/apex-common/main/classes/fflib_SObjectDescribe.cls-meta.xml\n\tmodified:   sfdx-source/apex-common/main/classes/fflib_SObjectDomain.cls-meta.xml\n\tmodified:   sfdx-source/apex-common/main/classes/fflib_SObjectSelector.cls-meta.xml\n\tmodified:   sfdx-source/apex-common/main/classes/fflib_SObjectUnitOfWork.cls-meta.xml\n\tmodified:   sfdx-source/apex-common/main/classes/fflib_SObjects.cls-meta.xml\n\tmodified:   sfdx-source/apex-common/main/classes/fflib_SecurityUtils.cls-meta.xml\n\tmodified:   sfdx-source/apex-common/main/classes/fflib_StringBuilder.cls-meta.xml\n\tmodified:   sfdx-source/apex-common/test/classes/fflib_ApplicationTest.cls-meta.xml\n\tmodified:   sfdx-source/apex-common/test/classes/fflib_ObjectsTest.cls-meta.xml\n\tmodified:   sfdx-source/apex-common/test/classes/fflib_QueryFactoryTest.cls-meta.xml\n\tmodified:   sfdx-source/apex-common/test/classes/fflib_SObjectDescribeTest.cls-meta.xml\n\tmodified:   sfdx-source/apex-common/test/classes/fflib_SObjectDomainTest.cls-meta.xml\n\tmodified:   sfdx-source/apex-common/test/classes/fflib_SObjectSelectorTest.cls-meta.xml\n\tmodified:   sfdx-source/apex-common/test/classes/fflib_SObjectUnitOfWorkTest.cls-meta.xml\n\tmodified:   sfdx-source/apex-common/test/classes/fflib_SObjectsTest.cls-meta.xml\n\tmodified:   sfdx-source/apex-common/test/classes/fflib_SecurityUtilsTest.cls-meta.xml\n\tmodified:   sfdx-source/apex-common/test/classes/fflib_StringBuilderTest.cls-meta.xml\n\tmodified:   sfdx-source/apex-common/test/classes/mocks/fflib_SObjectMocks.cls-meta.xml"
        },
        {
            "commitId": "6d355463",
            "date": "2021-06-06T23:30:03-04:00",
            "author": "Peter Lin",
            "message": "Change Line 226 to isNotBlank in fflib_SObjects.cls",
            "body": "On branch change-SObjects\n\n Changes to be committed:\n\tmodified:   sfdx-source/apex-common/main/classes/fflib_SObjects.cls\n\tmodified:   sfdx-source/apex-common/test/classes/fflib_SObjectsTest.cls\n"
        },
        {
            "commitId": "8ee71576",
            "date": "2021-05-17T16:42:28+01:00",
            "author": "sskular-wonderlab",
            "message": "change buildQueryById access modifier to protected",
            "body": "change buildQueryById to protected to allow overriding with sharing"
        },
        {
            "commitId": "3a90663c",
            "date": "2021-05-03T14:32:49-04:00",
            "author": "Clay Chipps",
            "message": "add ability to extend other methods",
            "body": ""
        },
        {
            "commitId": "726464d8",
            "date": "2021-05-03T14:18:49-04:00",
            "author": "Clay Chipps",
            "message": "add extensions",
            "body": ""
        },
        {
            "commitId": "be7d3422",
            "date": "2021-09-20T12:46:05-07:00",
            "author": "Charles Ross",
            "message": "Convert key search to lower case",
            "body": ""
        },
        {
            "commitId": "1e49dd28",
            "date": "2021-06-25T13:01:06+01:00",
            "author": "Wim Velzeboer",
            "message": "Change private vars into projected for UnitOfWorkFactory",
            "body": "It doesn't really make sense to have a virtual factory class an not being able to access its ObjectTypes list in the extended class.\n"
        },
        {
            "commitId": "ad8ad3a9",
            "date": "2020-03-06T15:52:11+00:00",
            "author": "Wim Velzeboer",
            "message": "Added Parallel unit testing",
            "body": ""
        },
        {
            "commitId": "4076f744",
            "date": "2020-03-03T08:10:20+00:00",
            "author": "Wim Velzeboer",
            "message": "org independent test classes",
            "body": "DML statement were removed from unit test to avoid failing tests\n"
        },
        {
            "commitId": "785f76dc",
            "date": "2021-06-15T22:04:58-04:00",
            "author": "Peter",
            "message": "Update apiVersion to 52.0 (#350)",
            "body": "On branch update-apiVersion-to-52.0\n Changes to be committed:\n\tmodified:   sfdx-project.json\n\tmodified:   sfdx-source/apex-common/main/classes/fflib_Application.cls-meta.xml\n\tmodified:   sfdx-source/apex-common/main/classes/fflib_IDomain.cls-meta.xml\n\tmodified:   sfdx-source/apex-common/main/classes/fflib_IDomainConstructor.cls-meta.xml\n\tmodified:   sfdx-source/apex-common/main/classes/fflib_IObjects.cls-meta.xml\n\tmodified:   sfdx-source/apex-common/main/classes/fflib_ISObjectDomain.cls-meta.xml\n\tmodified:   sfdx-source/apex-common/main/classes/fflib_ISObjectSelector.cls-meta.xml\n\tmodified:   sfdx-source/apex-common/main/classes/fflib_ISObjectUnitOfWork.cls-meta.xml\n\tmodified:   sfdx-source/apex-common/main/classes/fflib_ISObjects.cls-meta.xml\n\tmodified:   sfdx-source/apex-common/main/classes/fflib_Objects.cls-meta.xml\n\tmodified:   sfdx-source/apex-common/main/classes/fflib_QueryFactory.cls-meta.xml\n\tmodified:   sfdx-source/apex-common/main/classes/fflib_SObjectDescribe.cls-meta.xml\n\tmodified:   sfdx-source/apex-common/main/classes/fflib_SObjectDomain.cls-meta.xml\n\tmodified:   sfdx-source/apex-common/main/classes/fflib_SObjectSelector.cls-meta.xml\n\tmodified:   sfdx-source/apex-common/main/classes/fflib_SObjectUnitOfWork.cls-meta.xml\n\tmodified:   sfdx-source/apex-common/main/classes/fflib_SObjects.cls-meta.xml\n\tmodified:   sfdx-source/apex-common/main/classes/fflib_SecurityUtils.cls-meta.xml\n\tmodified:   sfdx-source/apex-common/main/classes/fflib_StringBuilder.cls-meta.xml\n\tmodified:   sfdx-source/apex-common/test/classes/fflib_ApplicationTest.cls-meta.xml\n\tmodified:   sfdx-source/apex-common/test/classes/fflib_ObjectsTest.cls-meta.xml\n\tmodified:   sfdx-source/apex-common/test/classes/fflib_QueryFactoryTest.cls-meta.xml\n\tmodified:   sfdx-source/apex-common/test/classes/fflib_SObjectDescribeTest.cls-meta.xml\n\tmodified:   sfdx-source/apex-common/test/classes/fflib_SObjectDomainTest.cls-meta.xml\n\tmodified:   sfdx-source/apex-common/test/classes/fflib_SObjectSelectorTest.cls-meta.xml\n\tmodified:   sfdx-source/apex-common/test/classes/fflib_SObjectUnitOfWorkTest.cls-meta.xml\n\tmodified:   sfdx-source/apex-common/test/classes/fflib_SObjectsTest.cls-meta.xml\n\tmodified:   sfdx-source/apex-common/test/classes/fflib_SecurityUtilsTest.cls-meta.xml\n\tmodified:   sfdx-source/apex-common/test/classes/fflib_StringBuilderTest.cls-meta.xml\n\tmodified:   sfdx-source/apex-common/test/classes/mocks/fflib_SObjectMocks.cls-meta.xml"
        },
        {
            "commitId": "0ba5258f",
            "date": "2021-06-06T23:30:03-04:00",
            "author": "Peter Lin",
            "message": "Change Line 226 to isNotBlank in fflib_SObjects.cls",
            "body": "On branch change-SObjects\n\n Changes to be committed:\n\tmodified:   sfdx-source/apex-common/main/classes/fflib_SObjects.cls\n\tmodified:   sfdx-source/apex-common/test/classes/fflib_SObjectsTest.cls\n"
        },
        {
            "commitId": "d85c4a10",
            "date": "2021-05-19T11:49:41+01:00",
            "author": "Wim Velzeboer",
            "message": "Add interface definitions for Application Factories to make it easier to replace the implementations",
            "body": ""
        },
        {
            "commitId": "798dfb90",
            "date": "2021-05-17T16:42:28+01:00",
            "author": "sskular-wonderlab",
            "message": "change buildQueryById access modifier to protected",
            "body": "change buildQueryById to protected to allow overriding with sharing"
        },
        {
            "commitId": "ecde5c95",
            "date": "2021-05-03T14:32:49-04:00",
            "author": "Clay Chipps",
            "message": "add ability to extend other methods",
            "body": ""
        },
        {
            "commitId": "6d8889de",
            "date": "2021-05-03T14:18:49-04:00",
            "author": "Clay Chipps",
            "message": "add extensions",
            "body": ""
        },
        {
            "commitId": "a9fb4634",
            "date": "2021-04-21T14:09:13+01:00",
            "author": "Wim Velzeboer",
            "message": "Add methods and unit test coverage to fflib_SObjects domain",
            "body": ""
        },
        {
            "commitId": "52fd3352",
            "date": "2021-03-15T10:51:50+00:00",
            "author": "Wim Velzeboer",
            "message": "New Domain structure",
            "body": "Separated the trigger handler from the domain functionality\n"
        },
        {
            "commitId": "4a577bc7",
            "date": "2021-03-13T15:52:43-05:00",
            "author": "Peter Lin",
            "message": "Add email to @param for void registerRelationship",
            "body": "Changes to be committed:\n\tmodified:   sfdx-source/apex-common/main/classes/fflib_ISObjectUnitOfWork.cls\n"
        },
        {
            "commitId": "604b2d1a",
            "date": "2021-03-02T17:42:02-05:00",
            "author": "David Esposito",
            "message": "#317 - updates API version to 51 across the board",
            "body": ""
        },
        {
            "commitId": "0b2d8fcc",
            "date": "2021-01-14T10:48:21-05:00",
            "author": "tfuda",
            "message": "315 Create an ad-hoc Permission Set that grants read access to Account, Contact and Lead and use this to reproduce the perms that used to be granted by the \"Read Only\" profile.",
            "body": ""
        },
        {
            "commitId": "25e01e53",
            "date": "2020-07-28T16:50:10+01:00",
            "author": "William Velzeboer",
            "message": "Correct typo's Fix casing in object names",
            "body": ""
        },
        {
            "commitId": "98081c4f",
            "date": "2020-07-24T09:48:36+01:00",
            "author": "William Velzeboer",
            "message": "UnitOfWork test coverage",
            "body": "Increase UnitOfWork test coverage to 71.4%\nRemove DML operations\nEnabled parallel testing\nSpeed up test execution by 60%\nCorrect some typo's\nFix casing in object names\n"
        },
        {
            "commitId": "b2a0b09c",
            "date": "2020-07-23T11:49:37+01:00",
            "author": "William Velzeboer",
            "message": "Fix failing test due to missing class",
            "body": ""
        },
        {
            "commitId": "986f410f",
            "date": "2020-03-05T15:53:16+00:00",
            "author": "Wim Velzeboer",
            "message": "Removed todo statement",
            "body": ""
        },
        {
            "commitId": "a21511de",
            "date": "2020-03-05T15:42:06+00:00",
            "author": "Wim Velzeboer",
            "message": "Add unit test coverage for bulk registerDirty method with dirtyFields",
            "body": "Note: the provided unit test will currently fail due to a bug in fflib-apex-mocks. I raise PR #88 to have that fixed.\n"
        },
        {
            "commitId": "4a56df14",
            "date": "2020-03-03T07:20:39+00:00",
            "author": "Wim Velzeboer",
            "message": "Add bulkified registerDirty method for registering with dirty fields",
            "body": ""
        },
        {
            "commitId": "e1033a97",
            "date": "2020-03-05T10:50:48+00:00",
            "author": "Wim Velzeboer",
            "message": "Virtual SimpleDML to allow extending",
            "body": "Whenever the IDML interface gets updated, custom implementations of SimpleDML (instead of IDML) will be less impacted.\n"
        },
        {
            "commitId": "121eff8a",
            "date": "2020-04-05T17:23:30-04:00",
            "author": "John M. Daniel",
            "message": "Fixes #259",
            "body": "Changes made:\n* Migrated all code to Salesforce DX Source format\n"
        }
    ]
}